{
  "delta_sc": 0.11,
  "gamma": 0.02,
  "barrier_values": [
    0.0,
    0.5,
    1.0,
    2.0,
    3.0
  ],
  "alpha_values": [
    0.0,
    0.5235987755982988,
    1.0471975511965976
  ],
  "phi_values": [
    0.0,
    0.39269908169872414,
    0.7853981633974483,
    1.1780972450961724,
    1.5707963267948966,
    1.9634954084936207,
    2.356194490192345,
    2.748893571891069,
    3.141592653589793
  ],
  "eta_values": [
    0.0,
    0.5,
    1.0
  ],
  "bias_window": [
    -0.32,
    0.32
  ],
  "bias_points": 401,
  "theta_points": 721,
  "resonance_width": 0.045,
  "split_scale": 0.06,
  "chiral_mismatch_width": 0.115,
  "chiral_split_boost": 0.65,
  "chiral_zero_bias_dip": 0.28,
  "chiral_edge_peak_width": 0.03,
  "chiral_edge_split_base": 0.07,
  "chiral_edge_weight": 1.15,
  "chiral_residual_zero_bias": 0.1
}