metric,mean,std
fixed_psnr,12.946448473782084,1.7539299907358534
guided_psnr,14.439775179761078,1.9075477473981086
psnr_gain,1.4933267059789956,0.5907426099084172
fixed_ssim,0.6752518572226786,0.14041994399016397
guided_ssim,0.777487406613087,0.11216670566372808
ssim_gain,0.10223554939040845,0.05020451314828556
