metric,mean,std,ci95_half_width,seed_count
mean_fixed_psnr,12.898904053708137,0.08306540449374676,0.07281003728240142,5
mean_guided_psnr,14.560111347736512,0.16574602450029313,0.1452827960909364,5
mean_psnr_gain,1.661207294028373,0.13927651653221665,0.12208124938508061,5
mean_fixed_ssim,0.6715728289614906,0.008684280685785042,0.007612107644048707,5
mean_guided_ssim,0.7848978957185435,0.010991373367830357,0.009634363542487395,5
mean_ssim_gain,0.11332506675705278,0.00853111307492058,0.007477850313629791,5
guided_better_fraction_psnr,1.0,0.0,0.0,5
guided_better_fraction_ssim,1.0,0.0,0.0,5
