{
  "normal_positive_peaks": [
    [
      0.5680000000000001,
      0.4644905086228381
    ],
    [
      0.6739999999999999,
      0.4712772359636871
    ]
  ],
  "bdg_positive_peaks": [
    [
      0.118,
      1.0964716876422809
    ],
    [
      0.25,
      0.8561594741352749
    ],
    [
      0.5720000000000001,
      0.8247698125558909
    ]
  ],
  "inferred_outer_scale": 0.6739999999999999,
  "inferred_inner_scale": 0.118
}
